link,title,published
https://www.nasa.gov/history/photos-from-sts-41b/,The Iconic Photos from STS-41B: Documenting the First Untethered Spacewalk,"Fri, 02 Feb 2024 23:00:00 +0000"
https://science.nasa.gov/solar-system/skywatching/meet-the-creators-part-3-nasas-2024-total-solar-eclipse-posters/,"Meet the Creators, Part 3: NASA’s 2024 Total Solar Eclipse Posters","Fri, 02 Feb 2024 21:15:13 +0000"
https://www.nasa.gov/news-release/california-massachusetts-students-to-hear-from-nasa-esa-astronauts/,"California, Massachusetts Students to Hear from NASA, ESA Astronauts","Fri, 02 Feb 2024 19:51:28 +0000"
https://www.nasa.gov/news-release/nasa-sets-coverage-for-axiom-mission-3-departure-from-space-station/,NASA Sets Coverage for Axiom Mission 3 Departure from Space Station,"Fri, 02 Feb 2024 17:41:09 +0000"
https://www.nasa.gov/get-involved/virtual-guest-program/nasa-invites-public-to-share-in-excitement-of-pace-mission-launch/,NASA Invites Public to Share in Excitement of PACE Mission Launch,"Fri, 02 Feb 2024 17:30:49 +0000"
https://science.nasa.gov/get-involved/citizen-science/unite-all-nighter-delights-amateur-astronomers/,UNITE All-Nighter Delights Amateur Astronomers,"Fri, 02 Feb 2024 16:43:10 +0000"
https://www.nasa.gov/history/30-years-ago-sts-60-the-first-shuttle-mir-mission/,"30 Years Ago: STS-60, the First Shuttle-Mir Mission","Fri, 02 Feb 2024 16:26:12 +0000"
https://www.nasa.gov/image-article/hubble-sees-a-merged-galaxy/,Hubble Sees a Merged Galaxy,"Fri, 02 Feb 2024 16:04:27 +0000"
https://www.nasa.gov/missions/artemis/clps/tiny-nasa-cameras-to-picture-interaction-between-lander-moons-surface/,"Tiny NASA Cameras to Picture Interaction Between Lander, Moon’s Surface","Fri, 02 Feb 2024 14:51:55 +0000"
https://science.nasa.gov/missions/hubble/hubble-views-a-dim-but-distinct-galaxy/,Hubble Views a Dim but Distinct Galaxy,"Fri, 02 Feb 2024 14:31:25 +0000"
https://www.space.com/molecular-gas-fountain-ancient-universe-black-hole,Scientists find black hole powering a molecular gas fountain in the ancient universe,"Mon, 05 Feb 2024 14:00:01 +0000"
https://www.space.com/hubble-telescope-cosmic-tug-of-war-galaxies-collision,Hubble Space Telescope spots a cosmic 'tug of war' between galaxies that could lead to a collision (image),"Mon, 05 Feb 2024 13:00:32 +0000"
https://www.space.com/pace-mission-watch-live-launch-spacex-falcon-9,NASA's PACE satellite will study Earth's tiniest mysteries from space: Watch it launch live Feb. 6,"Mon, 05 Feb 2024 11:00:01 +0000"
https://www.space.com/news/live/solar-eclipse-live-updates,Total solar eclipse 2024: Live updates,"Mon, 05 Feb 2024 10:35:59 +0000"
https://www.space.com/bizarre-magnetic-anomaly-discovered-deep-below-new-zealands-lake-rotorua,Major 'magnetic anomaly' discovered deep below New Zealand's Lake Rotorua,"Sun, 04 Feb 2024 16:35:14 +0000"
https://www.space.com/slim-lunar-lander-technology-technology-future-missions,SLIM lander's precise 'moon sniper' tech will lend itself to future lunar missions,"Sun, 04 Feb 2024 13:00:02 +0000"
https://www.space.com/spacex-launch-nasa-pace-ocean-satellite-this-week,SpaceX to launch NASA's PACE ocean-monitoring satellite this week,"Sun, 04 Feb 2024 11:00:49 +0000"
https://www.space.com/entertainment/space-movies-shows/this-week-in-space-podcast-episode-96-its-space-tv,This Week In Space podcast: Episode 96 — It's Space TV!,"Sat, 03 Feb 2024 15:08:49 +0000"
https://www.space.com/ghostly-plasma-loops-on-sun-amazing-photos,Ghostly plasma loops linger on the sun after massive solar explosion (photos),"Sat, 03 Feb 2024 15:07:36 +0000"
https://www.space.com/second-best-hospital-galaxy-new-trailer,Watch Amazon's new trailer for cosmic comedy 'The Second Best Hospital in the Galaxy' (video),"Sat, 03 Feb 2024 14:00:04 +0000"
https://skyandtelescope.org/astronomy-news/hubble-reveals-possible-water-vapor-world/,Hubble Reveals Possible Water-Vapor World,"Fri, 02 Feb 2024 16:09:16 +0000"
https://skyandtelescope.org/astronomy-news/observing-news/this-weeks-sky-at-a-glance-february-2-11/,"This Week's Sky at a Glance, February 2 – 11","Fri, 02 Feb 2024 14:15:00 +0000"
https://skyandtelescope.org/observing/sky-tour-podcast-february-2024/,February Podcast: Orion and His Cosmic Critters,"Thu, 01 Feb 2024 07:00:00 +0000"
https://skyandtelescope.org/astronomy-news/the-best-comets-in-2024/,The Best Comets in 2024,"Wed, 31 Jan 2024 16:45:26 +0000"
https://skyandtelescope.org/astronomy-news/japans-lunar-lander-wakes-up-phones-home/,"Japan's Lunar Lander Wakes Up, Phones Home","Tue, 30 Jan 2024 17:55:49 +0000"
https://skyandtelescope.org/astronomy-news/nasa-ends-mars-ingenuity-helicopter-mission/,NASA Ends Mars Ingenuity Helicopter Mission,"Mon, 29 Jan 2024 19:08:20 +0000"
https://skyandtelescope.org/astronomy-news/asteroid-2024-bx1-from-a-dot-of-light-to-fireball-to-rocks-on-the-ground/,Asteroid 2024 BX1: From a Dot of Light to Fireball to Rocks on the Ground,"Fri, 26 Jan 2024 20:38:10 +0000"
https://skyandtelescope.org/astronomy-news/observing-news/this-weeks-sky-at-a-glance-january-26-february-4/,"This Week's Sky at a Glance, January 26 – February 4","Fri, 26 Jan 2024 10:20:00 +0000"
https://skyandtelescope.org/astronomy-news/citizen-scientist-wins-prestigious-aas-award/,Citizen Scientist Wins Prestigious AAS Award,"Thu, 25 Jan 2024 14:00:00 +0000"
https://skyandtelescope.org/astronomy-news/cosmology/how-strong-is-dark-energy-intriguing-findings-from-new-supernova-catalog/,How Strong Is Dark Energy? Intriguing Findings from New Supernova Catalog,"Wed, 24 Jan 2024 17:30:00 +0000"
https://www.esa.int/Science_Exploration/Human_and_Robotic_Exploration/Huginn,Huginn - leading the Space Station,"Thu, 17 Aug 2023 17:24:00 +0200"
https://www.esa.int/About_Us/Careers_at_ESA/Space_awaits_you!_More_ESA_vacancies_open_for_applications,Space awaits you! More ESA vacancies open for applications,"Tue, 13 Jun 2023 10:17:00 +0200"
https://www.esa.int/Applications/Observing_the_Earth/Heritage_ERS-2_satellite_to_reenter_Earth_s_atmosphere,Heritage ERS-2 satellite to reenter Earth’s atmosphere,"Mon, 05 Feb 2024 12:00:00 +0100"
https://www.esa.int/ESA_Multimedia/Images/2024/02/Earth_from_Space_Dubai,Earth from Space: Dubai,"Fri, 02 Feb 2024 10:00:00 +0100"
https://www.esa.int/ESA_Multimedia/Videos/2024/02/Ariane_6_test_model_cryogenic_system_disconnection,Ariane 6 test model cryogenic system disconnection,"Thu, 01 Feb 2024 16:30:00 +0100"
https://www.esa.int/Science_Exploration/Space_Science/XMM-Newton_spots_a_black_hole_throwing_a_tantrum,XMM-Newton spots a black hole throwing a tantrum,"Thu, 01 Feb 2024 14:00:00 +0100"
https://www.esa.int/ESA_Multimedia/Images/2024/01/Human_vs._hover-machine,Human vs. hover-machine,"Thu, 01 Feb 2024 11:00:00 +0100"
https://www.esa.int/ESA_Multimedia/Videos/2024/02/Cupola_in_360_Muninn,Cupola in 360° – Muninn,"Thu, 01 Feb 2024 11:00:00 +0100"
https://www.esa.int/Applications/Observing_the_Earth/FutureEO/EarthCARE/ESA_s_cloud_mission_in_the_limelight,ESA’s cloud mission in the limelight,"Thu, 01 Feb 2024 11:00:00 +0100"
https://www.esa.int/Science_Exploration/Space_Science/Webb/Webb_reveals_structure_in_19_spiral_galaxies,Webb reveals structure in 19 spiral galaxies,"Mon, 29 Jan 2024 16:00:00 +0100"
https://www.esa.int/Enabling_Support/Operations/Salsa_s_last_dance_targets_reentry_over_South_Pacific,Salsa’s last dance targets reentry over South Pacific,"Fri, 26 Jan 2024 09:00:00 +0100"
https://www.esa.int/Science_Exploration/Space_Science/Hubble_finds_water_vapour_in_small_exoplanet_s_atmosphere,Hubble finds water vapour in small exoplanet’s atmosphere,"Thu, 25 Jan 2024 16:00:00 +0100"
https://www.esa.int/Science_Exploration/Space_Science/Capturing_the_ripples_of_spacetime_LISA_gets_go-ahead,Capturing the ripples of spacetime: LISA gets go-ahead,"Thu, 25 Jan 2024 14:01:00 +0100"
https://www.esa.int/ESA_Multimedia/Images/2024/01/Return_to_the_labyrinth,Return to the labyrinth,"Wed, 24 Jan 2024 11:00:00 +0100"
https://www.esa.int/ESA_Multimedia/Images/2024/01/A_massive_cluster_is_born,A massive cluster is born,"Tue, 23 Jan 2024 10:00:00 +0100"
https://www.esa.int/ESA_Multimedia/Videos/2023/12/Galactic_Chloe_-_the_Gaia_mission,Galactic Chloé - the Gaia mission,"Tue, 19 Dec 2023 11:00:00 +0100"
https://www.esa.int/ESA_Multimedia/Images/2023/12/Gaia_s_10th_anniversary,Gaia's 10th anniversary,"Tue, 19 Dec 2023 10:00:00 +0100"
https://www.esa.int/ESA_Multimedia/Videos/2023/11/Space_Team_Europe_for_Euclid_Laurent_Brouard,Space Team Europe for Euclid: Laurent Brouard,"Thu, 30 Nov 2023 13:30:00 +0100"
https://www.esa.int/ESA_Multimedia/Videos/2023/11/Space_Team_Europe_for_Euclid_Guadalupe_Canas_Herrera,Space Team Europe for Euclid: Guadalupe Cañas Herrera,"Wed, 29 Nov 2023 13:30:00 +0100"
https://www.esa.int/ESA_Multimedia/Videos/2023/11/Space_Team_Europe_for_Euclid_Henk_Hoekstra,Space Team Europe for Euclid: Henk Hoekstra,"Tue, 28 Nov 2023 13:30:00 +0100"
https://www.esa.int/ESA_Multimedia/Images/2023/11/A_prominent_protostar_in_Perseus,A prominent protostar in Perseus,"Tue, 28 Nov 2023 10:00:00 +0100"
https://www.esa.int/ESA_Multimedia/Videos/2023/11/Space_Team_Europe_for_Euclid_Jean-Charles_Cuillandre,Space Team Europe for Euclid: Jean-Charles Cuillandre,"Mon, 27 Nov 2023 13:30:00 +0100"
https://www.esa.int/ESA_Multimedia/Images/2023/11/Webb_Hubble_combine_to_create_most_colourful_view_of_Universe,"Webb, Hubble combine to create most colourful view of Universe","Thu, 09 Nov 2023 17:05:00 +0100"
https://www.esa.int/Science_Exploration/Human_and_Robotic_Exploration/Watch_live_Marcus_Wandt_returns_to_Earth,Watch live – Marcus Wandt returns to Earth,"Thu, 01 Feb 2024 23:37:00 +0100"
https://www.esa.int/ESA_Multimedia/Images/2024/02/Two_Scandinavians_in_space,Two Scandinavians in space,"Thu, 01 Feb 2024 10:36:00 +0100"
https://www.esa.int/Science_Exploration/Human_and_Robotic_Exploration/ESA_launches_first_metal_3D_printer_to_ISS,ESA launches first metal 3D printer to ISS,"Wed, 31 Jan 2024 08:30:00 +0100"
https://www.esa.int/ESA_Multimedia/Videos/2024/01/Earth_views_from_Cupola_by_Marcus_Wandt,Earth views from Cupola by Marcus Wandt,"Fri, 26 Jan 2024 14:00:00 +0100"
https://www.esa.int/Science_Exploration/Human_and_Robotic_Exploration/Marcus_Wandt_guides_robot_team,Marcus Wandt guides robot team,"Wed, 24 Jan 2024 18:17:00 +0100"
https://www.esa.int/ESA_Multimedia/Images/2024/01/Full_house,Full house,"Wed, 24 Jan 2024 12:56:00 +0100"
https://www.esa.int/ESA_Multimedia/Videos/2024/01/Marcus_and_Muninn_are_flying,Marcus and Muninn are flying,"Sat, 20 Jan 2024 15:30:00 +0100"
https://www.esa.int/Science_Exploration/Human_and_Robotic_Exploration/Muninn_First_space_mission_for_ESA_s_Marcus_Wandt_begins,Muninn: First space mission for ESA’s Marcus Wandt begins,"Sat, 20 Jan 2024 10:21:00 +0100"
https://www.esa.int/Science_Exploration/Human_and_Robotic_Exploration/Peregrine_spectrometer_over_and_out,"Peregrine spectrometer, over and out","Fri, 19 Jan 2024 19:00:00 +0100"
https://www.esa.int/ESA_Multimedia/Videos/2024/01/Muninn_spreads_its_wings,Muninn spreads its wings,"Thu, 18 Jan 2024 22:50:00 +0100"
https://www.esa.int/ESA_Multimedia/Videos/2024/01/Good_advice_for_Marcus_Wandt_s_Muninn_Mission,Good advice for Marcus Wandt’s Muninn Mission,"Wed, 17 Jan 2024 10:00:00 +0100"
https://www.esa.int/ESA_Multimedia/Images/2024/01/Eyes_on_the_stars,Eyes on the stars,"Wed, 10 Jan 2024 14:14:00 +0100"
https://esamultimedia.esa.int/docs/HRE/Muninn_launchkit_SW.pdf,Muninn launch kit – Swedish,"Fri, 22 Dec 2023 17:27:00 +0100"
https://www.esa.int/ESA_Multimedia/Images/2023/12/Deep_dive_across_the_pond,Deep dive across the pond,"Fri, 22 Dec 2023 10:38:00 +0100"
https://www.newscientist.com/video/2415461-matthias-maurer-how-to-become-a-lunar-astronaut/?utm_campaign=RSS%7CNSNS&utm_source=NSNS&utm_medium=RSS&utm_content=space,Matthias Maurer: How to become a lunar astronaut,"Mon, 05 Feb 2024 10:00:20 +0000"
https://www.newscientist.com/article/2415249-starship-launch-next-spacex-flight-test-is-expected-this-month/?utm_campaign=RSS%7CNSNS&utm_source=NSNS&utm_medium=RSS&utm_content=space,Starship launch: Next SpaceX flight test is expected this month,"Thu, 01 Feb 2024 20:00:26 +0000"
https://www.newscientist.com/article/2414737-what-we-know-about-the-stars-where-nasa-will-hunt-for-alien-life/?utm_campaign=RSS%7CNSNS&utm_source=NSNS&utm_medium=RSS&utm_content=space,What we know about the stars where NASA will hunt for alien life,"Wed, 31 Jan 2024 07:00:31 +0000"
https://www.newscientist.com/article/2414456-galaxy-smash-ups-may-explain-strange-light-from-early-universe/?utm_campaign=RSS%7CNSNS&utm_source=NSNS&utm_medium=RSS&utm_content=space,Galaxy smash-ups may explain strange light from early universe,"Tue, 30 Jan 2024 09:00:53 +0000"
https://www.newscientist.com/article/2414727-the-ingenuity-helicopters-mars-mission-is-over-but-it-left-a-legacy/?utm_campaign=RSS%7CNSNS&utm_source=NSNS&utm_medium=RSS&utm_content=space,"The Ingenuity helicopter’s Mars mission is over, but it left a legacy","Tue, 30 Jan 2024 07:00:30 +0000"
https://www.newscientist.com/article/2414668-jwst-has-taken-extraordinary-images-of-19-nearby-spiral-galaxies/?utm_campaign=RSS%7CNSNS&utm_source=NSNS&utm_medium=RSS&utm_content=space,JWST has taken extraordinary images of 19 nearby spiral galaxies,"Mon, 29 Jan 2024 19:24:20 +0000"
https://www.newscientist.com/article/2414496-japans-slim-moon-lander-regains-power-nine-days-after-botched-landing/?utm_campaign=RSS%7CNSNS&utm_source=NSNS&utm_medium=RSS&utm_content=space,Japan's SLIM moon lander regains power nine days after botched landing,"Mon, 29 Jan 2024 11:22:05 +0000"
https://www.newscientist.com/article/mg26134750-100-a-legendary-cosmologist-on-how-to-find-a-deeper-theory-of-the-universe/?utm_campaign=RSS%7CNSNS&utm_source=NSNS&utm_medium=RSS&utm_content=space,A legendary cosmologist on how to find a deeper theory of the universe,"Mon, 22 Jan 2024 16:00:00 +0000"
https://www.newscientist.com/article/2414284-newly-discovered-smoking-stars-emit-huge-clouds-and-we-dont-know-why/?utm_campaign=RSS%7CNSNS&utm_source=NSNS&utm_medium=RSS&utm_content=space,Newly discovered smoking stars emit huge clouds and we don't know why,"Fri, 26 Jan 2024 00:01:29 +0000"
https://www.newscientist.com/article/2414309-japans-rolling-and-hopping-lunar-rovers-send-back-images-of-the-moon/?utm_campaign=RSS%7CNSNS&utm_source=NSNS&utm_medium=RSS&utm_content=space,Japan's rolling and hopping lunar rovers send back images of the moon,"Thu, 25 Jan 2024 20:31:34 +0000"
https://www.newscientist.com/article/2414228-mysterious-black-hole-jets-may-be-the-source-of-powerful-cosmic-rays/?utm_campaign=RSS%7CNSNS&utm_source=NSNS&utm_medium=RSS&utm_content=space,Mysterious black hole jets may be the source of powerful cosmic rays,"Thu, 25 Jan 2024 19:00:45 +0000"
https://www.newscientist.com/article/2413885-pancake-like-comets-may-be-made-by-whirling-clouds-of-pebbles/?utm_campaign=RSS%7CNSNS&utm_source=NSNS&utm_medium=RSS&utm_content=space,Pancake-like comets may be made by whirling clouds of pebbles,"Thu, 25 Jan 2024 12:00:04 +0000"
https://www.newscientist.com/video/2414005-hassell-and-esa-unveil-their-concept-for-a-permanent-base-on-the-moon/?utm_campaign=RSS%7CNSNS&utm_source=NSNS&utm_medium=RSS&utm_content=space,Hassell and ESA unveil their concept for a permanent base on the moon,"Wed, 24 Jan 2024 18:00:59 +0000"
https://www.newscientist.com/article/2413611-chickpeas-grown-in-moon-dust-for-the-first-time/?utm_campaign=RSS%7CNSNS&utm_source=NSNS&utm_medium=RSS&utm_content=space,Chickpeas grown in moon dust for the first time,"Mon, 22 Jan 2024 20:38:04 +0000"
https://www.newscientist.com/article/2413336-japans-slim-spacecraft-landed-on-the-moon-but-its-having-problems/?utm_campaign=RSS%7CNSNS&utm_source=NSNS&utm_medium=RSS&utm_content=space,Japan’s SLIM spacecraft landed on the moon – but it's having problems,"Fri, 19 Jan 2024 17:41:00 +0000"
https://www.newscientist.com/article/2413225-why-the-peregrine-moon-lander-was-burned-up-in-earths-atmosphere/?utm_campaign=RSS%7CNSNS&utm_source=NSNS&utm_medium=RSS&utm_content=space,Why the Peregrine moon lander was burned up in Earth's atmosphere,"Thu, 18 Jan 2024 23:11:54 +0000"
https://www.newscientist.com/article/2413193-japans-slim-lander-is-about-to-touch-down-on-the-surface-of-the-moon/?utm_campaign=RSS%7CNSNS&utm_source=NSNS&utm_medium=RSS&utm_content=space,Japan’s SLIM lander is about to touch down on the surface of the moon,"Thu, 18 Jan 2024 20:00:32 +0000"
https://www.newscientist.com/article/2413082-mysterious-object-may-be-the-lightest-black-hole-weve-ever-seen/?utm_campaign=RSS%7CNSNS&utm_source=NSNS&utm_medium=RSS&utm_content=space,Mysterious object may be the lightest black hole we've ever seen,"Thu, 18 Jan 2024 19:00:30 +0000"
https://www.newscientist.com/article/2413027-mysterious-patch-on-mars-appears-to-be-enormous-lump-of-ice/?utm_campaign=RSS%7CNSNS&utm_source=NSNS&utm_medium=RSS&utm_content=space,Mysterious patch on Mars appears to be enormous lump of ice,"Thu, 18 Jan 2024 14:00:00 +0000"
https://www.newscientist.com/article/2412935-new-fiery-doughnut-image-is-our-most-detailed-glimpse-of-a-black-hole/?utm_campaign=RSS%7CNSNS&utm_source=NSNS&utm_medium=RSS&utm_content=space,New fiery doughnut image is our most detailed glimpse of a black hole,"Thu, 18 Jan 2024 08:13:38 +0000"
https://www.newscientist.com/article/2412234-strange-magic-islands-on-saturns-moon-titan-may-be-porous-icebergs/?utm_campaign=RSS%7CNSNS&utm_source=NSNS&utm_medium=RSS&utm_content=space,Strange ‘magic islands’ on Saturn’s moon Titan may be porous icebergs,"Sun, 14 Jan 2024 08:00:35 +0000"
https://www.newscientist.com/article/mg26134732-700-2024-is-set-to-be-the-year-of-the-moon-but-lets-proceed-with-care/?utm_campaign=RSS%7CNSNS&utm_source=NSNS&utm_medium=RSS&utm_content=space,"2024 is set to be the year of the moon, but let's proceed with care","Wed, 10 Jan 2024 18:00:00 +0000"
https://www.newscientist.com/article/mg26134730-100-meet-christina-koch-who-will-be-the-first-woman-to-go-to-the-moon/?utm_campaign=RSS%7CNSNS&utm_source=NSNS&utm_medium=RSS&utm_content=space,"Meet Christina Koch, who will be the first woman to go to the moon","Mon, 08 Jan 2024 16:00:00 +0000"
https://www.newscientist.com/article/2412032-caves-seen-on-the-surface-of-a-comet-for-the-first-time/?utm_campaign=RSS%7CNSNS&utm_source=NSNS&utm_medium=RSS&utm_content=space,Caves seen on the surface of a comet for the first time,"Fri, 12 Jan 2024 18:00:04 +0000"
https://www.newscientist.com/article/2411954-the-sun-could-contain-a-tiny-black-hole-that-formed-in-the-big-bang/?utm_campaign=RSS%7CNSNS&utm_source=NSNS&utm_medium=RSS&utm_content=space,The sun could contain a tiny black hole that formed in the big bang,"Fri, 12 Jan 2024 13:00:00 +0000"
https://www.newscientist.com/article/2412021-molecules-vital-for-life-could-survive-in-venuss-acid-clouds/?utm_campaign=RSS%7CNSNS&utm_source=NSNS&utm_medium=RSS&utm_content=space,Molecules vital for life could survive in Venus’s acid clouds,"Thu, 11 Jan 2024 20:00:14 +0000"
https://www.newscientist.com/article/mg26134730-200-how-galactic-mysteries-near-and-far-are-poised-to-shake-up-cosmology/?utm_campaign=RSS%7CNSNS&utm_source=NSNS&utm_medium=RSS&utm_content=space,How galactic mysteries near and far are poised to shake up cosmology,"Wed, 10 Jan 2024 18:00:00 +0000"
https://www.newscientist.com/video/2411290-christina-koch-iss-artemis-ii-and-human-bowling-in-zero-gravity/?utm_campaign=RSS%7CNSNS&utm_source=NSNS&utm_medium=RSS&utm_content=space,"Christina Koch: ISS, Artemis II and human bowling in zero-gravity","Thu, 11 Jan 2024 08:00:02 +0000"
https://www.newscientist.com/article/2411246-islands-poking-out-of-black-holes-may-solve-the-information-paradox/?utm_campaign=RSS%7CNSNS&utm_source=NSNS&utm_medium=RSS&utm_content=space,‘Islands’ poking out of black holes may solve the information paradox,"Tue, 09 Jan 2024 14:00:34 +0000"
https://www.newscientist.com/article/2411631-prototype-rocket-engine-burns-itself-up-for-fuel-as-it-flies/?utm_campaign=RSS%7CNSNS&utm_source=NSNS&utm_medium=RSS&utm_content=space,Prototype rocket engine burns itself up for fuel as it flies,"Wed, 10 Jan 2024 00:01:53 +0000"
https://www.newscientist.com/article/2411638-nasa-is-delaying-its-artemis-missions-to-the-moon/?utm_campaign=RSS%7CNSNS&utm_source=NSNS&utm_medium=RSS&utm_content=space,NASA is delaying its Artemis missions to the moon,"Tue, 09 Jan 2024 21:19:47 +0000"
https://www.newscientist.com/article/2411620-mysterious-radio-burst-came-from-group-of-galaxies-in-distant-universe/?utm_campaign=RSS%7CNSNS&utm_source=NSNS&utm_medium=RSS&utm_content=space,Mysterious radio burst came from group of galaxies in distant universe,"Tue, 09 Jan 2024 20:15:48 +0000"
https://www.newscientist.com/article/2411411-why-moon-missions-in-2024-could-reveal-both-our-history-and-our-future/?utm_campaign=RSS%7CNSNS&utm_source=NSNS&utm_medium=RSS&utm_content=space,Why moon missions in 2024 could reveal both our history and our future,"Tue, 09 Jan 2024 13:00:03 +0000"
https://www.newscientist.com/article/2411142-star-cluster-is-heading-for-destruction-at-the-heart-of-the-milky-way/?utm_campaign=RSS%7CNSNS&utm_source=NSNS&utm_medium=RSS&utm_content=space,Star cluster is heading for destruction at the heart of the Milky Way,"Tue, 09 Jan 2024 11:00:48 +0000"
https://www.newscientist.com/article/2411384-it-might-rain-diamonds-on-more-than-1900-exoplanets-across-the-galaxy/?utm_campaign=RSS%7CNSNS&utm_source=NSNS&utm_medium=RSS&utm_content=space,It might rain diamonds on more than 1900 exoplanets across the galaxy,"Tue, 09 Jan 2024 10:02:22 +0000"
https://www.newscientist.com/article/2411426-the-peregrine-lunar-lander-may-not-make-it-to-the-moon/?utm_campaign=RSS%7CNSNS&utm_source=NSNS&utm_medium=RSS&utm_content=space,The Peregrine lunar lander may not make it to the moon,"Mon, 08 Jan 2024 22:40:23 +0000"
https://www.newscientist.com/article/mg26134722-400-the-stargazing-events-to-watch-out-for-in-2024/?utm_campaign=RSS%7CNSNS&utm_source=NSNS&utm_medium=RSS&utm_content=space,The stargazing events to watch out for in 2024,"Wed, 03 Jan 2024 18:00:00 +0000"
https://www.newscientist.com/article/mg26134724-900-this-century-is-special-martin-rees-on-the-vast-span-of-time/?utm_campaign=RSS%7CNSNS&utm_source=NSNS&utm_medium=RSS&utm_content=space,'This century is special': Martin Rees on the vast span of time,"Fri, 05 Jan 2024 11:38:00 +0000"
https://www.newscientist.com/article/2411127-the-first-vulcan-rocket-launch-will-carry-a-private-lander-to-the-moon/?utm_campaign=RSS%7CNSNS&utm_source=NSNS&utm_medium=RSS&utm_content=space,The first Vulcan rocket launch will carry a private lander to the moon,"Fri, 05 Jan 2024 21:37:33 +0000"
https://www.newscientist.com/article/2411169-vulcan-launch-why-is-nasa-going-back-to-the-moon/?utm_campaign=RSS%7CNSNS&utm_source=NSNS&utm_medium=RSS&utm_content=space,Vulcan launch: Why is NASA going back to the moon?,"Mon, 08 Jan 2024 12:02:13 +0000"
https://www.newscientist.com/article/2410954-neptune-isnt-as-blue-as-we-thought-it-was/?utm_campaign=RSS%7CNSNS&utm_source=NSNS&utm_medium=RSS&utm_content=space,Neptune isn't as blue as we thought it was,"Fri, 05 Jan 2024 00:01:00 +0000"
https://www.newscientist.com/article/2410840-a-renegade-moon-may-have-flipped-venuss-spin/?utm_campaign=RSS%7CNSNS&utm_source=NSNS&utm_medium=RSS&utm_content=space,A renegade moon may have flipped Venus’s spin,"Thu, 04 Jan 2024 20:00:38 +0000"
https://www.newscientist.com/article/2410616-how-to-spot-the-quadrantids-meteor-shower-on-3-and-4-january/?utm_campaign=RSS%7CNSNS&utm_source=NSNS&utm_medium=RSS&utm_content=space,How to spot the Quadrantids meteor shower on 3 and 4 January,"Wed, 03 Jan 2024 14:00:04 +0000"
https://www.newscientist.com/article/2410511-extreme-close-up-of-jupiters-moon-io-captured-by-juno-spacecraft/?utm_campaign=RSS%7CNSNS&utm_source=NSNS&utm_medium=RSS&utm_content=space,Extreme close-up of Jupiter’s moon Io captured by Juno spacecraft,"Tue, 02 Jan 2024 16:09:26 +0000"
https://www.newscientist.com/article/2408616-get-ready-to-see-a-total-solar-eclipse-in-2024-heres-how/?utm_campaign=RSS%7CNSNS&utm_source=NSNS&utm_medium=RSS&utm_content=space,Get ready to see a total solar eclipse in 2024 – here's how,"Sun, 31 Dec 2023 15:00:19 +0000"
https://www.newscientist.com/article/mg26034712-100-vera-c-rubin-observatory-will-start-scanning-the-night-sky-in-2024/?utm_campaign=RSS%7CNSNS&utm_source=NSNS&utm_medium=RSS&utm_content=space,Vera C. Rubin Observatory will start scanning the night sky in 2024,"Wed, 27 Dec 2023 18:00:00 +0000"
https://www.newscientist.com/article/2406405-in-2024-the-hera-mission-will-revisit-the-asteroid-punched-by-nasa/?utm_campaign=RSS%7CNSNS&utm_source=NSNS&utm_medium=RSS&utm_content=space,In 2024 the Hera mission will revisit the asteroid punched by NASA,"Tue, 02 Jan 2024 10:00:19 +0000"
https://www.newscientist.com/article/mg26034712-700-international-fleet-of-spacecraft-is-heading-to-the-moon-in-2024/?utm_campaign=RSS%7CNSNS&utm_source=NSNS&utm_medium=RSS&utm_content=space,International fleet of spacecraft is heading to the moon in 2024,"Wed, 27 Dec 2023 18:00:00 +0000"
https://www.newscientist.com/article/mg26034711-900-europa-clipper-will-launch-to-jupiter-in-2024-to-explore-its-icy-moon/?utm_campaign=RSS%7CNSNS&utm_source=NSNS&utm_medium=RSS&utm_content=space,Europa Clipper will launch to Jupiter in 2024 to explore its icy moon,"Wed, 27 Dec 2023 18:00:00 +0000"
https://www.newscientist.com/article/mg26034710-300-have-we-found-filaments-of-pure-energy-unleashed-during-the-big-bang/?utm_campaign=RSS%7CNSNS&utm_source=NSNS&utm_medium=RSS&utm_content=space,Have we found filaments of pure energy unleashed during the big bang?,"Wed, 27 Dec 2023 14:00:00 +0000"
https://www.newscientist.com/article/2409468-radio-bursts-from-space-are-exhibiting-a-strange-sad-trombone-effect/?utm_campaign=RSS%7CNSNS&utm_source=NSNS&utm_medium=RSS&utm_content=space,Radio bursts from space are exhibiting a strange ‘sad trombone’ effect,"Thu, 28 Dec 2023 13:00:54 +0000"
https://www.newscientist.com/article/2403246-japan-is-sending-a-rover-to-marss-moon-phobos-in-2024/?utm_campaign=RSS%7CNSNS&utm_source=NSNS&utm_medium=RSS&utm_content=space,Japan is sending a rover to Mars's moon Phobos in 2024,"Thu, 28 Dec 2023 10:00:19 +0000"
https://www.newscientist.com/article/mg26034694-200-six-of-the-most-amazing-space-pictures-from-2023/?utm_campaign=RSS%7CNSNS&utm_source=NSNS&utm_medium=RSS&utm_content=space,Six of the most amazing space pictures from 2023,"Wed, 13 Dec 2023 18:00:00 +0000"
https://www.newscientist.com/article/mg26034690-500-india-made-history-with-2023s-low-budget-chandrayaan-3-moon-landing/?utm_campaign=RSS%7CNSNS&utm_source=NSNS&utm_medium=RSS&utm_content=space,India made history with 2023's low-budget Chandrayaan-3 moon landing,"Wed, 13 Dec 2023 18:00:00 +0000"
https://www.newscientist.com/article/2409483-nasa-sends-cat-video-31-million-kilometres-through-space/?utm_campaign=RSS%7CNSNS&utm_source=NSNS&utm_medium=RSS&utm_content=space,NASA sends cat video 31 million kilometres through space,"Thu, 21 Dec 2023 15:33:04 +0000"
https://www.newscientist.com/article/mg26034691-800-strange-alien-worlds-suggest-earth-could-survive-the-death-of-the-sun/?utm_campaign=RSS%7CNSNS&utm_source=NSNS&utm_medium=RSS&utm_content=space,Strange alien worlds suggest Earth could survive the death of the sun,"Tue, 12 Dec 2023 16:00:00 +0000"
https://www.newscientist.com/article/2409389-stunning-jwst-image-of-uranus-shows-13-rings-and-nine-moons/?utm_campaign=RSS%7CNSNS&utm_source=NSNS&utm_medium=RSS&utm_content=space,Stunning JWST image of Uranus shows 13 rings and nine moons,"Mon, 18 Dec 2023 17:13:53 +0000"
https://www.newscientist.com/article/2409202-we-may-have-found-a-crater-on-jupiters-moon-io-for-the-first-time/?utm_campaign=RSS%7CNSNS&utm_source=NSNS&utm_medium=RSS&utm_content=space,We may have found a crater on Jupiter’s moon Io for the first time,"Mon, 18 Dec 2023 18:00:23 +0000"
https://www.newscientist.com/video/2409257-jwst-and-hubble-take-stunning-image-of-the-christmas-tree-cluster/?utm_campaign=RSS%7CNSNS&utm_source=NSNS&utm_medium=RSS&utm_content=space,JWST and Hubble take stunning image of the 'Christmas tree' cluster,"Mon, 18 Dec 2023 18:00:15 +0000"
https://www.newscientist.com/article/2408966-moons-around-uranus-may-suddenly-develop-atmospheres-in-the-spring/?utm_campaign=RSS%7CNSNS&utm_source=NSNS&utm_medium=RSS&utm_content=space,Moons around Uranus may suddenly develop atmospheres in the spring,"Sat, 16 Dec 2023 07:00:41 +0000"
https://www.newscientist.com/article/2408964-astronomers-have-spotted-what-may-be-the-smallest-stars-ever-seen/?utm_campaign=RSS%7CNSNS&utm_source=NSNS&utm_medium=RSS&utm_content=space,Astronomers have spotted what may be the smallest stars ever seen,"Fri, 15 Dec 2023 16:30:20 +0000"
https://www.newscientist.com/article/2408764-the-biggest-science-news-stories-of-2023-as-chosen-by-new-scientist/?utm_campaign=RSS%7CNSNS&utm_source=NSNS&utm_medium=RSS&utm_content=space,The biggest science news stories of 2023 as chosen by New Scientist,"Fri, 15 Dec 2023 11:24:05 +0000"
https://www.newscientist.com/article/2408968-stolen-planet-could-be-hiding-on-the-edge-of-our-solar-system/?utm_campaign=RSS%7CNSNS&utm_source=NSNS&utm_medium=RSS&utm_content=space,Stolen planet could be hiding on the edge of our solar system,"Fri, 15 Dec 2023 10:17:39 +0000"
https://www.newscientist.com/article/2408622-cyanide-in-the-ocean-of-saturns-moon-enceladus-could-be-good-for-life/?utm_campaign=RSS%7CNSNS&utm_source=NSNS&utm_medium=RSS&utm_content=space,Cyanide in the ocean of Saturn's moon Enceladus could be good for life,"Thu, 14 Dec 2023 16:00:46 +0000"
https://www.newscientist.com/article/2408417-two-books-to-write-and-the-universe-to-decipher-2024s-gonna-be-busy/?utm_campaign=RSS%7CNSNS&utm_source=NSNS&utm_medium=RSS&utm_content=space,Two books to write and the universe to decipher – 2024’s gonna be busy,"Wed, 13 Dec 2023 18:00:00 +0000"
https://www.newscientist.com/article/2407508-how-to-see-the-spectacular-geminid-meteor-shower-peak-late-tonight/?utm_campaign=RSS%7CNSNS&utm_source=NSNS&utm_medium=RSS&utm_content=space,How to see the spectacular Geminid meteor shower peak late tonight,"Wed, 13 Dec 2023 11:40:30 +0000"
https://www.newscientist.com/article/mg26034694-800-weird-cosmic-clumping-hints-our-understanding-of-the-universe-is-wrong/?utm_campaign=RSS%7CNSNS&utm_source=NSNS&utm_medium=RSS&utm_content=space,Weird cosmic clumping hints our understanding of the universe is wrong,"Tue, 12 Dec 2023 17:00:00 +0000"
https://www.newscientist.com/article/2405961-this-mathematical-trick-can-help-you-imagine-space-time/?utm_campaign=RSS%7CNSNS&utm_source=NSNS&utm_medium=RSS&utm_content=space,This mathematical trick can help you imagine space-time,"Fri, 08 Dec 2023 07:00:59 +0000"
https://www.newscientist.com/article/2407185-the-moon-may-enter-a-new-geological-period-thanks-to-human-activity/?utm_campaign=RSS%7CNSNS&utm_source=NSNS&utm_medium=RSS&utm_content=space,The moon may enter a new geological period thanks to human activity,"Fri, 08 Dec 2023 10:00:31 +0000"
https://www.newscientist.com/article/2407092-space-forces-secretive-space-plane-is-making-its-highest-flight-yet/?utm_campaign=RSS%7CNSNS&utm_source=NSNS&utm_medium=RSS&utm_content=space,Space Force’s secretive space plane is making its highest flight yet,"Wed, 06 Dec 2023 18:13:07 +0000"
https://www.newscientist.com/article/2406841-roo-ver-australias-first-moon-rover-has-name-chosen-in-public-vote/?utm_campaign=RSS%7CNSNS&utm_source=NSNS&utm_medium=RSS&utm_content=space,Roo-ver: Australia's first moon rover has name chosen in public vote,"Wed, 06 Dec 2023 11:32:16 +0000"
https://www.newscientist.com/article/2405812-2023-saw-thrilling-space-missions-and-new-cosmic-mysteries/?utm_campaign=RSS%7CNSNS&utm_source=NSNS&utm_medium=RSS&utm_content=space,2023 saw thrilling space missions and new cosmic mysteries,"Tue, 05 Dec 2023 10:00:55 +0000"
https://www.newscientist.com/article/mg24833132-500-searching-for-stardust-how-to-find-micrometeorites-in-your-gutters/?utm_campaign=RSS%7CNSNS&utm_source=NSNS&utm_medium=RSS&utm_content=space,Searching for stardust: How to find micrometeorites in your gutters,"Wed, 16 Dec 2020 12:00:00 +0000"
https://www.newscientist.com/article/2406120-largest-stream-of-stars-ever-found-could-teach-us-about-dark-matter/?utm_campaign=RSS%7CNSNS&utm_source=NSNS&utm_medium=RSS&utm_content=space,Largest stream of stars ever found could teach us about dark matter,"Sat, 02 Dec 2023 07:00:58 +0000"
https://www.newscientist.com/article/2405706-passing-star-could-fling-earth-out-past-pluto-into-the-oort-cloud/?utm_campaign=RSS%7CNSNS&utm_source=NSNS&utm_medium=RSS&utm_content=space,Passing star could fling Earth out past Pluto into the Oort cloud,"Fri, 01 Dec 2023 21:11:15 +0000"
https://www.newscientist.com/article/2405884-see-a-forgotten-meteor-shower-caused-by-a-dead-comet-this-weekend/?utm_campaign=RSS%7CNSNS&utm_source=NSNS&utm_medium=RSS&utm_content=space,See a forgotten meteor shower caused by a dead comet this weekend,"Fri, 01 Dec 2023 09:53:19 +0000"
https://www.newscientist.com/article/2405683-tiny-star-found-harbouring-a-huge-planet-that-shouldnt-exist/?utm_campaign=RSS%7CNSNS&utm_source=NSNS&utm_medium=RSS&utm_content=space,Tiny star found harbouring a huge planet that shouldn’t exist,"Thu, 30 Nov 2023 19:00:03 +0000"
https://www.newscientist.com/article/2405379-six-planets-found-orbiting-a-bright-star-100-light-years-away/?utm_campaign=RSS%7CNSNS&utm_source=NSNS&utm_medium=RSS&utm_content=space,Six planets found orbiting a bright star 100 light years away,"Wed, 29 Nov 2023 16:00:19 +0000"
https://www.newscientist.com/article/2405371-key-molecule-for-life-may-have-formed-on-interstellar-ice/?utm_campaign=RSS%7CNSNS&utm_source=NSNS&utm_medium=RSS&utm_content=space,Key molecule for life may have formed on interstellar ice,"Wed, 29 Nov 2023 13:00:55 +0000"
https://www.newscientist.com/article/2405167-majestic-photo-shows-chinas-tiangong-space-station-in-all-its-glory/?utm_campaign=RSS%7CNSNS&utm_source=NSNS&utm_medium=RSS&utm_content=space,Majestic photo shows China's Tiangong space station in all its glory,"Tue, 28 Nov 2023 11:19:23 +0000"
https://www.newscientist.com/article/2405128-glimpse-of-the-earliest-supernovae-could-reveal-our-cosmic-origins/?utm_campaign=RSS%7CNSNS&utm_source=NSNS&utm_medium=RSS&utm_content=space,Glimpse of the earliest supernovae could reveal our cosmic origins,"Tue, 28 Nov 2023 09:38:01 +0000"
https://www.newscientist.com/article/mg26034663-100-our-hunt-for-alien-life-needs-solid-guidelines-for-clear-cut-success/?utm_campaign=RSS%7CNSNS&utm_source=NSNS&utm_medium=RSS&utm_content=space,Our hunt for alien life needs solid guidelines for clear-cut success,"Wed, 22 Nov 2023 18:00:00 +0000"
https://www.newscientist.com/article/mg26034661-000-how-to-spot-this-years-geminid-meteor-shower/?utm_campaign=RSS%7CNSNS&utm_source=NSNS&utm_medium=RSS&utm_content=space,How to spot this year's Geminid meteor shower,"Wed, 22 Nov 2023 18:00:00 +0000"
https://www.newscientist.com/article/2404079-strange-way-black-holes-lose-energy-could-help-solve-cosmic-puzzle/?utm_campaign=RSS%7CNSNS&utm_source=NSNS&utm_medium=RSS&utm_content=space,Strange way black holes lose energy could help solve cosmic puzzle,"Fri, 24 Nov 2023 10:00:09 +0000"
https://www.newscientist.com/article/2403932-mercury-has-salt-glaciers-that-could-provide-the-conditions-for-life/?utm_campaign=RSS%7CNSNS&utm_source=NSNS&utm_medium=RSS&utm_content=space,Mercury has salt glaciers that could provide the conditions for life,"Thu, 23 Nov 2023 10:00:08 +0000"
https://www.newscientist.com/article/mg26034660-100-how-excited-should-we-be-by-signs-of-life-spotted-on-alien-worlds/?utm_campaign=RSS%7CNSNS&utm_source=NSNS&utm_medium=RSS&utm_content=space,How excited should we be by signs of life spotted on alien worlds?,"Tue, 21 Nov 2023 16:00:00 +0000"
https://www.newscientist.com/article/2403635-what-would-life-on-earth-be-like-if-our-planet-were-cube-shaped/?utm_campaign=RSS%7CNSNS&utm_source=NSNS&utm_medium=RSS&utm_content=space,What would life on Earth be like if our planet were cube-shaped?,"Tue, 21 Nov 2023 14:52:43 +0000"
https://www.newscientist.com/article/2403734-strange-nebula-changes-colour-rhythmically-like-a-mood-lamp/?utm_campaign=RSS%7CNSNS&utm_source=NSNS&utm_medium=RSS&utm_content=space,Strange nebula changes colour rhythmically like a mood lamp,"Tue, 21 Nov 2023 11:00:23 +0000"
https://www.newscientist.com/video/2403738-spacex-starship-explodes-after-reaching-space-for-the-first-time/?utm_campaign=RSS%7CNSNS&utm_source=NSNS&utm_medium=RSS&utm_content=space,SpaceX Starship explodes after reaching space for the first time,"Mon, 20 Nov 2023 14:14:53 +0000"
https://www.newscientist.com/article/2403573-how-to-watch-the-leonid-meteor-shower-peaking-this-weekend/?utm_campaign=RSS%7CNSNS&utm_source=NSNS&utm_medium=RSS&utm_content=space,How to watch the Leonid meteor shower peaking this weekend,"Fri, 17 Nov 2023 11:51:41 +0000"
https://www.newscientist.com/article/2403439-spacex-starship-launch-delayed-what-time-is-the-new-launch/?utm_campaign=RSS%7CNSNS&utm_source=NSNS&utm_medium=RSS&utm_content=space,SpaceX Starship launch delayed: What time is the new launch?,"Thu, 16 Nov 2023 14:42:05 +0000"
https://www.newscientist.com/article/2403155-fluffy-exoplanet-blasted-by-its-sun-has-clouds-that-rain-sand/?utm_campaign=RSS%7CNSNS&utm_source=NSNS&utm_medium=RSS&utm_content=space,Fluffy exoplanet blasted by its sun has clouds that rain sand,"Wed, 15 Nov 2023 16:00:21 +0000"
https://www.newscientist.com/article/2402996-comets-may-bring-ingredients-for-life-most-easily-to-clustered-planets/?utm_campaign=RSS%7CNSNS&utm_source=NSNS&utm_medium=RSS&utm_content=space,Comets may bring ingredients for life most easily to clustered planets,"Wed, 15 Nov 2023 00:01:24 +0000"
https://www.newscientist.com/article/2402597-a-comet-wagged-its-tail-as-it-flew-past-the-sun/?utm_campaign=RSS%7CNSNS&utm_source=NSNS&utm_medium=RSS&utm_content=space,A comet wagged its tail as it flew past the sun,"Tue, 14 Nov 2023 08:00:06 +0000"
https://www.newscientist.com/article/2402636-robotic-chemist-discovers-how-to-make-oxygen-from-martian-minerals/?utm_campaign=RSS%7CNSNS&utm_source=NSNS&utm_medium=RSS&utm_content=space,Robotic chemist discovers how to make oxygen from Martian minerals,"Mon, 13 Nov 2023 16:00:50 +0000"
https://www.newscientist.com/article/2402321-plants-thrive-in-lunar-soil-with-help-from-phosphorus-making-bacteria/?utm_campaign=RSS%7CNSNS&utm_source=NSNS&utm_medium=RSS&utm_content=space,Plants thrive in lunar soil with help from phosphorus-making bacteria,"Fri, 10 Nov 2023 14:10:03 +0000"
https://www.newscientist.com/article/2402016-astronomers-have-found-the-most-distant-black-hole-ever-confirmed/?utm_campaign=RSS%7CNSNS&utm_source=NSNS&utm_medium=RSS&utm_content=space,Astronomers have found the most distant black hole ever confirmed,"Thu, 09 Nov 2023 21:00:26 +0000"
https://www.newscientist.com/article/mg26034640-100-why-we-need-to-bring-stellar-astrophysics-into-the-real-world/?utm_campaign=RSS%7CNSNS&utm_source=NSNS&utm_medium=RSS&utm_content=space,Why we need to bring stellar astrophysics into the real world,"Wed, 08 Nov 2023 18:00:00 +0000"
https://www.newscientist.com/article/2401621-when-to-see-venus-disappear-behind-the-moon-this-thursday/?utm_campaign=RSS%7CNSNS&utm_source=NSNS&utm_medium=RSS&utm_content=space,When to see Venus disappear behind the moon this Thursday,"Wed, 08 Nov 2023 09:00:40 +0000"
https://www.newscientist.com/article/2401932-distant-milky-way-like-galaxy-is-older-than-we-thought-possible/?utm_campaign=RSS%7CNSNS&utm_source=NSNS&utm_medium=RSS&utm_content=space,Distant Milky Way-like galaxy is older than we thought possible,"Wed, 08 Nov 2023 16:00:58 +0000"
https://www.sciencedaily.com/releases/2024/02/240202115144.htm,Neptune-like exoplanets can be cloudy or clear,"Fri, 02 Feb 2024 11:51:44 EST"
https://www.sciencedaily.com/releases/2024/02/240201121816.htm,Gas on the run -- ALMA spots the shadow of a molecular outflow from a quasar when the Universe was less than one billion years old,"Thu, 01 Feb 2024 12:18:16 EST"
https://www.sciencedaily.com/releases/2024/01/240131183501.htm,Bright galaxies put dark matter to the test,"Wed, 31 Jan 2024 18:35:01 EST"
https://www.sciencedaily.com/releases/2024/01/240131144542.htm,The hottest catalog of the year: Comprehensive list of slow-building solar flares,"Wed, 31 Jan 2024 14:45:42 EST"
https://www.sciencedaily.com/releases/2024/01/240129182441.htm,Staggering structure in 19 nearby spiral galaxies,"Mon, 29 Jan 2024 18:24:41 EST"
https://www.sciencedaily.com/releases/2024/01/240129182340.htm,Researchers spying for signs of life among exoplanet atmospheres,"Mon, 29 Jan 2024 18:23:40 EST"
https://www.sciencedaily.com/releases/2024/01/240129122445.htm,Astronomers spot 18 black holes gobbling up nearby stars,"Mon, 29 Jan 2024 12:24:45 EST"
https://www.sciencedaily.com/releases/2024/01/240129122405.htm,Cosmic building blocks of life discovered through the electron microscope,"Mon, 29 Jan 2024 12:24:05 EST"
https://www.sciencedaily.com/releases/2024/01/240126171636.htm,Confirmation of ancient lake on Mars builds excitement for Perseverance rover's samples,"Fri, 26 Jan 2024 17:16:36 EST"
https://www.sciencedaily.com/releases/2024/01/240126140555.htm,Astronomers unravel mysteries of planet formation and evolution in distant planetary system,"Fri, 26 Jan 2024 14:05:55 EST"
https://www.sciencedaily.com/releases/2024/01/240126140519.htm,Stars travel more slowly at Milky Way's edge,"Fri, 26 Jan 2024 14:05:19 EST"
https://www.sciencedaily.com/releases/2024/01/240126001931.htm,'Old smokers' and 'squalling newborns' among hidden stars spotted for first time,"Fri, 26 Jan 2024 00:19:31 EST"
https://www.sciencedaily.com/releases/2024/01/240125150041.htm,Faint features in galaxy NGC 5728 revealed,"Thu, 25 Jan 2024 15:00:41 EST"
https://www.sciencedaily.com/releases/2024/01/240125145932.htm,Astrophysical jet caught in a 'speed trap',"Thu, 25 Jan 2024 14:59:32 EST"
https://www.sciencedaily.com/releases/2024/01/240124132719.htm,Atmospheric pressure changes could be driving Mars' elusive methane pulses,"Wed, 24 Jan 2024 13:27:19 EST"
https://www.sciencedaily.com/releases/2024/01/240123122243.htm,Records of cometary dust hitting the asteroid Ryugu,"Tue, 23 Jan 2024 12:22:43 EST"
https://www.sciencedaily.com/releases/2024/01/240118150710.htm,Lightest black hole or heaviest neutron star? MeerKAT uncovers a mysterious object in Milky Way,"Thu, 18 Jan 2024 15:07:10 EST"
https://www.sciencedaily.com/releases/2024/01/240118122218.htm,Moon rocks with unique dust found,"Thu, 18 Jan 2024 12:22:18 EST"
https://www.sciencedaily.com/releases/2024/01/240117143937.htm,Origin of intense light in supermassive black holes and tidal disruption events revealed,"Wed, 17 Jan 2024 14:39:37 EST"
https://www.sciencedaily.com/releases/2024/01/240117143935.htm,Astronomers detect oldest black hole ever observed,"Wed, 17 Jan 2024 14:39:35 EST"
https://www.sciencedaily.com/releases/2024/01/240117143908.htm,The metalens meets the stars,"Wed, 17 Jan 2024 14:39:08 EST"
https://www.sciencedaily.com/releases/2024/01/240117143704.htm,Study delivers detailed photos of galaxies' inner structures,"Wed, 17 Jan 2024 14:37:04 EST"
https://www.sciencedaily.com/releases/2024/01/240117143613.htm,Space solar power project ends first in-space mission with successes and lessons,"Wed, 17 Jan 2024 14:36:13 EST"
https://www.sciencedaily.com/releases/2024/01/240116131822.htm,Astronomers produce most sensitive radio image ever of ancient star cluster,"Tue, 16 Jan 2024 13:18:22 EST"
https://www.sciencedaily.com/releases/2024/01/240116131748.htm,Discovery changes understanding of water's history on the Moon,"Tue, 16 Jan 2024 13:17:48 EST"
https://www.sciencedaily.com/releases/2024/01/240115121125.htm,Research sheds new light on Moon rock formation solving major puzzle in lunar geology,"Mon, 15 Jan 2024 12:11:25 EST"
https://www.sciencedaily.com/releases/2024/01/240114202031.htm,Earth-sized planet discovered in 'our solar backyard',"Sun, 14 Jan 2024 20:20:31 EST"
https://www.sciencedaily.com/releases/2024/01/240112114819.htm,NASA scientists discover a novel galactic 'fossil',"Fri, 12 Jan 2024 11:48:19 EST"
https://www.sciencedaily.com/releases/2024/01/240111162705.htm,Close encounters of the supermassive black hole kind,"Thu, 11 Jan 2024 16:27:05 EST"
https://www.sciencedaily.com/releases/2024/01/240111162650.htm,Our surprising magnetic galaxy,"Thu, 11 Jan 2024 16:26:50 EST"
https://www.sciencedaily.com/releases/2024/01/240111162644.htm,Surprise gamma-ray feature beyond our galaxy,"Thu, 11 Jan 2024 16:26:44 EST"
https://www.sciencedaily.com/releases/2024/01/240111113157.htm,"Astronomers make rare exoplanet discovery, and a giant leap in detecting Earth-like bodies","Thu, 11 Jan 2024 11:31:57 EST"
https://www.sciencedaily.com/releases/2024/01/240111113133.htm,Potential solvents identified for building on moon and Mars,"Thu, 11 Jan 2024 11:31:33 EST"
https://www.sciencedaily.com/releases/2024/01/240111113100.htm,NASA's Webb discovers dusty 'cat's tail' in Beta Pictoris System,"Thu, 11 Jan 2024 11:31:00 EST"
https://www.sciencedaily.com/releases/2024/01/240109170515.htm,NASA's Webb finds signs of possible aurorae on isolated brown dwarf,"Tue, 09 Jan 2024 17:05:15 EST"
https://www.sciencedaily.com/releases/2024/01/240109170512.htm,Unlocking the secrets of a 'Hot Saturn' and its spotted star,"Tue, 09 Jan 2024 17:05:12 EST"
https://www.sciencedaily.com/releases/2024/01/240109144508.htm,'Blob-like' home of farthest-known fast radio burst is collection of seven galaxies,"Tue, 09 Jan 2024 14:45:08 EST"
https://www.sciencedaily.com/releases/2024/01/240109121133.htm,Meteorite analysis shows Earth's building blocks contained water,"Tue, 09 Jan 2024 12:11:33 EST"
https://www.sciencedaily.com/releases/2024/01/240108172537.htm,Final supernova results from Dark Energy Survey offer unique insights into the expansion of the universe,"Mon, 08 Jan 2024 17:25:37 EST"
https://www.sciencedaily.com/releases/2024/01/240108125815.htm,Three iron rings in a planet-forming disk,"Mon, 08 Jan 2024 12:58:15 EST"
https://www.sciencedaily.com/releases/2024/01/240108125729.htm,Space oddity: Uncovering the origin of the universe's rare radio circles,"Mon, 08 Jan 2024 12:57:29 EST"
https://www.sciencedaily.com/releases/2024/01/240105145046.htm,Mysterious missing component in the clouds of Venus revealed,"Fri, 05 Jan 2024 14:50:46 EST"
https://www.sciencedaily.com/releases/2024/01/240104210145.htm,New images reveal what Neptune and Uranus really look like,"Thu, 04 Jan 2024 21:01:45 EST"
https://www.sciencedaily.com/releases/2024/01/240103130941.htm,Magnetic fields in the cosmos: Dark matter could help us discover their origin,"Wed, 03 Jan 2024 13:09:41 EST"
https://www.sciencedaily.com/releases/2024/01/240102174047.htm,Is oxygen the cosmic key to alien technology?,"Tue, 02 Jan 2024 17:40:47 EST"
https://www.sciencedaily.com/releases/2024/01/240102142058.htm,Designing the 'perfect' meal to feed long-term space travelers,"Tue, 02 Jan 2024 14:20:58 EST"
https://www.sciencedaily.com/releases/2023/12/231229164722.htm,"Sodium's high-pressure transformation can tell us about the interiors of stars, planets","Fri, 29 Dec 2023 16:47:22 EST"
https://www.sciencedaily.com/releases/2023/12/231228145810.htm,A carbon-lite atmosphere could be a sign of water and life on other terrestrial planets,"Thu, 28 Dec 2023 14:58:10 EST"
https://www.sciencedaily.com/releases/2023/12/231228145741.htm,Further evidence for quark-matter cores in massive neutron stars,"Thu, 28 Dec 2023 14:57:41 EST"
https://www.sciencedaily.com/releases/2023/12/231222145450.htm,Hubble sights a galaxy with 'forbidden' light,"Fri, 22 Dec 2023 14:54:50 EST"
https://www.sciencedaily.com/releases/2023/12/231222145443.htm,Researchers study a million galaxies to find out how the universe began,"Fri, 22 Dec 2023 14:54:43 EST"
https://www.sciencedaily.com/releases/2023/12/231221162233.htm,Organic compounds in asteroids formed in colder regions of space,"Thu, 21 Dec 2023 16:22:33 EST"
https://www.sciencedaily.com/releases/2023/12/231221162227.htm,Astronomers detect seismic ripples in ancient galactic disk,"Thu, 21 Dec 2023 16:22:27 EST"
https://www.sciencedaily.com/releases/2023/12/231221162224.htm,New 1.5-billion-pixel image shows Running Chicken Nebula in unprecedented detail,"Thu, 21 Dec 2023 16:22:24 EST"
https://www.sciencedaily.com/releases/2023/12/231221162221.htm,NASA's Hubble watches 'spoke season' on Saturn,"Thu, 21 Dec 2023 16:22:21 EST"
https://www.sciencedaily.com/releases/2023/12/231221162219.htm,Supernova encore: Second lensed supernova in a distant galaxy,"Thu, 21 Dec 2023 16:22:19 EST"
https://www.sciencedaily.com/releases/2023/12/231221161951.htm,Pancake stack of films on a balloon most accurate gamma-ray telescope,"Thu, 21 Dec 2023 16:19:51 EST"
https://www.sciencedaily.com/releases/2023/12/231221012817.htm,Millions of mysterious pits in the ocean decoded,"Thu, 21 Dec 2023 01:28:17 EST"
https://www.sciencedaily.com/releases/2023/12/231221012808.htm,Cosmic lights in the forest,"Thu, 21 Dec 2023 01:28:08 EST"
link,title,published
https://www.sciencedaily.com/releases/2023/12/231221012717.htm,"One small material, one giant leap for life on Mars: New research takes us a step closer to sustaining human life on the red planet","Thu, 21 Dec 2023 01:27:17 EST"
https://science.nasa.gov/universe/the-universe-is-expanding-faster-these-days-and-dark-energy-is-responsible-so-what-is-dark-energy/,"What is Dark Energy? Inside our accelerating, expanding Universe","Mon, 05 Feb 2024 21:36:19 +0000"
https://science.nasa.gov/universe/whats-made-in-a-thunderstorm-and-faster-than-lightning-gamma-rays/,What’s Made in a Thunderstorm and Faster Than Lightning? Gamma Rays!,"Mon, 05 Feb 2024 18:12:24 +0000"
https://science.nasa.gov/universe/when-dead-stars-collide/,When Dead Stars Collide!,"Mon, 05 Feb 2024 17:59:56 +0000"
https://www.nasa.gov/news-release/nasa-administrator-announces-new-marshall-space-flight-center-director/,NASA Administrator Announces New Marshall Space Flight Center Director,"Mon, 05 Feb 2024 17:29:29 +0000"
https://www.nasa.gov/learning-resources/stem-engagement-at-nasa/university-high-school-wins-regional-science-bowl-at-nasas-jpl/,University High School Wins Regional Science Bowl at NASA’s JPL,"Mon, 05 Feb 2024 17:16:57 +0000"
https://www.nasa.gov/centers-and-facilities/langley/nasas-laser-navigation-tech-enables-commercial-lunar-exploration/,NASA’s Laser Navigation Tech Enables Commercial Lunar Exploration,"Mon, 05 Feb 2024 15:48:31 +0000"
https://www.space.com/where-do-cosmic-rays-come-from,Where do cosmic rays come from?,"Mon, 05 Feb 2024 22:59:50 +0000"
https://www.space.com/cosmonaut-oleg-kononenko-breaks-record-time-in-space,879 days! Russian cosmonaut breaks record for total time spent in space,"Mon, 05 Feb 2024 19:48:36 +0000"
https://www.space.com/nasa-pace-spacex-falcon-9-mission-launch,SpaceX rolls out Falcon 9 rocket to launch NASA's ocean-studying PACE satellite on Feb. 6 (photos),"Mon, 05 Feb 2024 18:16:02 +0000"
https://www.space.com/solar-maximum-in-sight-but-scientists-will-have-to-wait-seven-months-after-it-occurs-to-officially-declare-it,"Solar maximum is coming, but we won't know it happened until 7 months after it's over","Mon, 05 Feb 2024 18:00:36 +0000"
https://www.space.com/mars-ingenuity-helicopter-perseverance-rover-photo-red-planet-surface,"NASA Ingenuity Mars helicopter, broken and alone, spotted by Perseverance rover on Martian dune (photo, video)","Mon, 05 Feb 2024 17:46:16 +0000"
https://www.space.com/earth-isnt-only-planet-with-seasons-wildly-different-on-other-worlds,"Earth isn't the only planet with seasons, but they can look wildly different on other worlds","Mon, 05 Feb 2024 16:00:30 +0000"
https://www.space.com/halo-series-paramount-plus-season-2-preview,'Halo' Season 2 charges back onto Paramount Plus this week with plenty to prove,"Mon, 05 Feb 2024 15:00:11 +0000"
https://www.space.com/stomp-rocket-nasa-collection-out-now,New NASA Collection by Stomp Rocket takes off for kid-powered flight,"Mon, 05 Feb 2024 21:59:41 +0000"
https://skyandtelescope.org/astronomy-news/nasas-juno-mission-makes-closest-flyby-past-io/,NASA's Juno Mission Makes Closest Flyby Past Io,"Tue, 06 Feb 2024 00:06:22 +0000"
https://www.esa.int/ESA_Multimedia/Images/2024/02/Cool_upgrade_for_deep-space_dish,Cool upgrade for deep-space dish,"Tue, 06 Feb 2024 10:00:00 +0100"
https://www.space.com/james-webb-space-telescope-tiny-bright-galaxies-dark-matter,James Webb Space Telescope could target tiny bright galaxies to shine light on dark matter,"Tue, 06 Feb 2024 11:00:11 +0000"
link,title,published
